"CurrentPath","OriginalFilename","ProposedNewName","NewPath","Category"
".\assets.squarespace.com\universal\fonts\social-20141119\social-icon-font.svg","social-icon-font.svg","ui_font_001.svg","./assets/images/ui_font_001.svg","UI/Fonts"
".\assets.squarespace.com\universal\fonts\squarespace-ui-font.svg","squarespace-ui-font.svg","ui_font_002.svg","./assets/images/ui_font_002.svg","UI/Fonts"
".\assets.squarespace.com\universal\images-v6\damask\edit-aviary-light.png","edit-aviary-light.png","ui_icon_003.png","./assets/images/ui_icon_003.png","UI/Fonts"
".\assets.squarespace.com\universal\images-v6\damask\edit-aviary-light@2x.png","edit-aviary-light@2x.png","ui_icon_004.png","./assets/images/ui_icon_004.png","UI/Fonts"
".\assets.squarespace.com\universal\images-v6\damask\edit-info-light.png","edit-info-light.png","ui_icon_005.png","./assets/images/ui_icon_005.png","UI/Fonts"
".\assets.squarespace.com\universal\images-v6\damask\edit-info-light@2x.png","edit-info-light@2x.png","ui_icon_006.png","./assets/images/ui_icon_006.png","UI/Fonts"
".\assets.squarespace.com\universal\images-v6\damask\error-dark.png","error-dark.png","ui_icon_007.png","./assets/images/ui_icon_007.png","UI/Fonts"
".\assets.squarespace.com\universal\images-v6\damask\error-dark@2x.png","error-dark@2x.png","ui_icon_008.png","./assets/images/ui_icon_008.png","UI/Fonts"
".\assets.squarespace.com\universal\images-v6\damask\getty-16-light.png","getty-16-light.png","ui_icon_009.png","./assets/images/ui_icon_009.png","UI/Fonts"
".\assets.squarespace.com\universal\images-v6\damask\getty-32-light.png","getty-32-light.png","ui_icon_010.png","./assets/images/ui_icon_010.png","UI/Fonts"
".\assets.squarespace.com\universal\images-v6\damask\play-button.png","play-button.png","ui_icon_011.png","./assets/images/ui_icon_011.png","UI/Fonts"
".\assets.squarespace.com\universal\images-v6\damask\play-button@2x.png","play-button@2x.png","ui_icon_012.png","./assets/images/ui_icon_012.png","UI/Fonts"
".\assets.squarespace.com\universal\images-v6\damask\shopping-cart-16-light.png","shopping-cart-16-light.png","ui_icon_013.png","./assets/images/ui_icon_013.png","UI/Fonts"
".\assets.squarespace.com\universal\images-v6\damask\shopping-cart-32-light.png","shopping-cart-32-light.png","ui_icon_014.png","./assets/images/ui_icon_014.png","UI/Fonts"
".\assets.squarespace.com\universal\images-v6\damask\trash-9-light.png","trash-9-light.png","ui_icon_015.png","./assets/images/ui_icon_015.png","UI/Fonts"
".\assets.squarespace.com\universal\images-v6\damask\trash-9-light@2x.png","trash-9-light@2x.png","ui_icon_016.png","./assets/images/ui_icon_016.png","UI/Fonts"
".\assets.squarespace.com\universal\images-v6\damask\trash-9-red.png","trash-9-red.png","ui_icon_017.png","./assets/images/ui_icon_017.png","UI/Fonts"
".\assets.squarespace.com\universal\images-v6\damask\trash-9-red@2x.png","trash-9-red@2x.png","ui_icon_018.png","./assets/images/ui_icon_018.png","UI/Fonts"
".\assets.squarespace.com\universal\images-v6\icons\block-indicator-dark.png","block-indicator-dark.png","ui_icon_019.png","./assets/images/ui_icon_019.png","UI/Fonts"
".\assets.squarespace.com\universal\images-v6\icons\block-indicator-dark@2x.png","block-indicator-dark@2x.png","ui_icon_020.png","./assets/images/ui_icon_020.png","UI/Fonts"
".\assets.squarespace.com\universal\images-v6\icons\icon-searchqueries-20-dark.png","icon-searchqueries-20-dark.png","ui_icon_021.png","./assets/images/ui_icon_021.png","UI/Fonts"
".\assets.squarespace.com\universal\images-v6\icons\icon-searchqueries-20-light.png","icon-searchqueries-20-light.png","ui_icon_022.png","./assets/images/ui_icon_022.png","UI/Fonts"
".\assets.squarespace.com\universal\images-v6\icons\icon-settings-16-light.png","icon-settings-16-light.png","ui_icon_023.png","./assets/images/ui_icon_023.png","UI/Fonts"
".\assets.squarespace.com\universal\images-v6\icons\icon-video-24-light-solid.png","icon-video-24-light-solid.png","ui_icon_024.png","./assets/images/ui_icon_024.png","UI/Fonts"
".\assets.squarespace.com\universal\images-v6\icons\opentable-icons.png","opentable-icons.png","ui_icon_025.png","./assets/images/ui_icon_025.png","UI/Fonts"
".\assets.squarespace.com\universal\images-v6\icons\opentable-icons.svg","opentable-icons.svg","ui_icon_026.svg","./assets/images/ui_icon_026.svg","UI/Fonts"
".\assets.squarespace.com\universal\images-v6\standard\icon_close_7_light.png","icon_close_7_light.png","ui_icon_027.png","./assets/images/ui_icon_027.png","UI/Fonts"
".\images.squarespace-cdn.com\content\65d6025916539a7143e98121\8885ec57-e0be-44d2-8c01-441a91e283ee\THE+TERRACE+LOGO+BLACK﹖content-type=imageꤷpng.png","THE+TERRACE+LOGO+BLACK﹖content-type=imageꤷpng.png","content_001.png","./assets/images/content_001.png","Content"
".\images.squarespace-cdn.com\content\v1\65d6025916539a7143e98121\03a00e7b-161b-43ad-a1d2-46b4b3840f69\polyhandsup.jpg","polyhandsup.jpg","content_002.jpg","./assets/images/content_002.jpg","Content"
".\images.squarespace-cdn.com\content\v1\65d6025916539a7143e98121\03a00e7b-161b-43ad-a1d2-46b4b3840f69\polyhandsup﹖format=1000w.jpg","polyhandsup﹖format=1000w.jpg","content_003.jpg","./assets/images/content_003.jpg","Content"
".\images.squarespace-cdn.com\content\v1\65d6025916539a7143e98121\03a00e7b-161b-43ad-a1d2-46b4b3840f69\polyhandsup﹖format=100w.jpg","polyhandsup﹖format=100w.jpg","content_004.jpg","./assets/images/content_004.jpg","Content"
".\images.squarespace-cdn.com\content\v1\65d6025916539a7143e98121\03a00e7b-161b-43ad-a1d2-46b4b3840f69\polyhandsup﹖format=1500w.jpg","polyhandsup﹖format=1500w.jpg","content_005.jpg","./assets/images/content_005.jpg","Content"
".\images.squarespace-cdn.com\content\v1\65d6025916539a7143e98121\03a00e7b-161b-43ad-a1d2-46b4b3840f69\polyhandsup﹖format=2500w.jpg","polyhandsup﹖format=2500w.jpg","content_006.jpg","./assets/images/content_006.jpg","Content"
".\images.squarespace-cdn.com\content\v1\65d6025916539a7143e98121\03a00e7b-161b-43ad-a1d2-46b4b3840f69\polyhandsup﹖format=300w.jpg","polyhandsup﹖format=300w.jpg","content_007.jpg","./assets/images/content_007.jpg","Content"
".\images.squarespace-cdn.com\content\v1\65d6025916539a7143e98121\03a00e7b-161b-43ad-a1d2-46b4b3840f69\polyhandsup﹖format=500w.jpg","polyhandsup﹖format=500w.jpg","content_008.jpg","./assets/images/content_008.jpg","Content"
".\images.squarespace-cdn.com\content\v1\65d6025916539a7143e98121\03a00e7b-161b-43ad-a1d2-46b4b3840f69\polyhandsup﹖format=750w.jpg","polyhandsup﹖format=750w.jpg","content_009.jpg","./assets/images/content_009.jpg","Content"
".\images.squarespace-cdn.com\content\v1\65d6025916539a7143e98121\0580e75a-2f29-4678-889d-85b6c7b50eae\dancingparty.jpg","dancingparty.jpg","content_010.jpg","./assets/images/content_010.jpg","Content"
".\images.squarespace-cdn.com\content\v1\65d6025916539a7143e98121\0d145365-a738-4a66-a470-808f7e60aa27\kev+dancing.jpg","kev+dancing.jpg","content_011.jpg","./assets/images/content_011.jpg","Content"
".\images.squarespace-cdn.com\content\v1\65d6025916539a7143e98121\0d145365-a738-4a66-a470-808f7e60aa27\kev+dancing﹖format=1000w.jpg","kev+dancing﹖format=1000w.jpg","content_012.jpg","./assets/images/content_012.jpg","Content"
".\images.squarespace-cdn.com\content\v1\65d6025916539a7143e98121\0d145365-a738-4a66-a470-808f7e60aa27\kev+dancing﹖format=100w.jpg","kev+dancing﹖format=100w.jpg","content_013.jpg","./assets/images/content_013.jpg","Content"
".\images.squarespace-cdn.com\content\v1\65d6025916539a7143e98121\0d145365-a738-4a66-a470-808f7e60aa27\kev+dancing﹖format=1500w.jpg","kev+dancing﹖format=1500w.jpg","content_014.jpg","./assets/images/content_014.jpg","Content"
".\images.squarespace-cdn.com\content\v1\65d6025916539a7143e98121\0d145365-a738-4a66-a470-808f7e60aa27\kev+dancing﹖format=2500w.jpg","kev+dancing﹖format=2500w.jpg","content_015.jpg","./assets/images/content_015.jpg","Content"
".\images.squarespace-cdn.com\content\v1\65d6025916539a7143e98121\0d145365-a738-4a66-a470-808f7e60aa27\kev+dancing﹖format=300w.jpg","kev+dancing﹖format=300w.jpg","content_016.jpg","./assets/images/content_016.jpg","Content"
".\images.squarespace-cdn.com\content\v1\65d6025916539a7143e98121\0d145365-a738-4a66-a470-808f7e60aa27\kev+dancing﹖format=500w.jpg","kev+dancing﹖format=500w.jpg","content_017.jpg","./assets/images/content_017.jpg","Content"
".\images.squarespace-cdn.com\content\v1\65d6025916539a7143e98121\0d145365-a738-4a66-a470-808f7e60aa27\kev+dancing﹖format=750w.jpg","kev+dancing﹖format=750w.jpg","content_018.jpg","./assets/images/content_018.jpg","Content"
".\images.squarespace-cdn.com\content\v1\65d6025916539a7143e98121\2c75899d-1560-4089-bc19-72dc04e34c8e\WhatsApp+Image+2024-12-17+at+12.45.35.jpeg","WhatsApp+Image+2024-12-17+at+12.45.35.jpeg","content_019.jpeg","./assets/images/content_019.jpeg","Content"
".\images.squarespace-cdn.com\content\v1\65d6025916539a7143e98121\2c75899d-1560-4089-bc19-72dc04e34c8e\WhatsApp+Image+2024-12-17+at+12.45.35﹖format=1000w.jpeg","WhatsApp+Image+2024-12-17+at+12.45.35﹖format=1000w.jpeg","content_020.jpeg","./assets/images/content_020.jpeg","Content"
".\images.squarespace-cdn.com\content\v1\65d6025916539a7143e98121\2c75899d-1560-4089-bc19-72dc04e34c8e\WhatsApp+Image+2024-12-17+at+12.45.35﹖format=100w.jpeg","WhatsApp+Image+2024-12-17+at+12.45.35﹖format=100w.jpeg","content_021.jpeg","./assets/images/content_021.jpeg","Content"
".\images.squarespace-cdn.com\content\v1\65d6025916539a7143e98121\2c75899d-1560-4089-bc19-72dc04e34c8e\WhatsApp+Image+2024-12-17+at+12.45.35﹖format=1500w.jpeg","WhatsApp+Image+2024-12-17+at+12.45.35﹖format=1500w.jpeg","content_022.jpeg","./assets/images/content_022.jpeg","Content"
".\images.squarespace-cdn.com\content\v1\65d6025916539a7143e98121\2c75899d-1560-4089-bc19-72dc04e34c8e\WhatsApp+Image+2024-12-17+at+12.45.35﹖format=2500w.jpeg","WhatsApp+Image+2024-12-17+at+12.45.35﹖format=2500w.jpeg","content_023.jpeg","./assets/images/content_023.jpeg","Content"
".\images.squarespace-cdn.com\content\v1\65d6025916539a7143e98121\2c75899d-1560-4089-bc19-72dc04e34c8e\WhatsApp+Image+2024-12-17+at+12.45.35﹖format=300w.jpeg","WhatsApp+Image+2024-12-17+at+12.45.35﹖format=300w.jpeg","content_024.jpeg","./assets/images/content_024.jpeg","Content"
".\images.squarespace-cdn.com\content\v1\65d6025916539a7143e98121\2c75899d-1560-4089-bc19-72dc04e34c8e\WhatsApp+Image+2024-12-17+at+12.45.35﹖format=500w.jpeg","WhatsApp+Image+2024-12-17+at+12.45.35﹖format=500w.jpeg","content_025.jpeg","./assets/images/content_025.jpeg","Content"
".\images.squarespace-cdn.com\content\v1\65d6025916539a7143e98121\2c75899d-1560-4089-bc19-72dc04e34c8e\WhatsApp+Image+2024-12-17+at+12.45.35﹖format=750w.jpeg","WhatsApp+Image+2024-12-17+at+12.45.35﹖format=750w.jpeg","content_026.jpeg","./assets/images/content_026.jpeg","Content"
".\images.squarespace-cdn.com\content\v1\65d6025916539a7143e98121\3197beb4-fb9d-4591-a4e7-ab2f4052b8c6\mdqmoneyshot.jpg","mdqmoneyshot.jpg","content_027.jpg","./assets/images/content_027.jpg","Content"
".\images.squarespace-cdn.com\content\v1\65d6025916539a7143e98121\3197beb4-fb9d-4591-a4e7-ab2f4052b8c6\mdqmoneyshot﹖format=1000w.jpg","mdqmoneyshot﹖format=1000w.jpg","content_028.jpg","./assets/images/content_028.jpg","Content"
".\images.squarespace-cdn.com\content\v1\65d6025916539a7143e98121\3197beb4-fb9d-4591-a4e7-ab2f4052b8c6\mdqmoneyshot﹖format=100w.jpg","mdqmoneyshot﹖format=100w.jpg","content_029.jpg","./assets/images/content_029.jpg","Content"
".\images.squarespace-cdn.com\content\v1\65d6025916539a7143e98121\3197beb4-fb9d-4591-a4e7-ab2f4052b8c6\mdqmoneyshot﹖format=1500w.jpg","mdqmoneyshot﹖format=1500w.jpg","content_030.jpg","./assets/images/content_030.jpg","Content"
".\images.squarespace-cdn.com\content\v1\65d6025916539a7143e98121\3197beb4-fb9d-4591-a4e7-ab2f4052b8c6\mdqmoneyshot﹖format=2500w.jpg","mdqmoneyshot﹖format=2500w.jpg","content_031.jpg","./assets/images/content_031.jpg","Content"
".\images.squarespace-cdn.com\content\v1\65d6025916539a7143e98121\3197beb4-fb9d-4591-a4e7-ab2f4052b8c6\mdqmoneyshot﹖format=300w.jpg","mdqmoneyshot﹖format=300w.jpg","content_032.jpg","./assets/images/content_032.jpg","Content"
".\images.squarespace-cdn.com\content\v1\65d6025916539a7143e98121\3197beb4-fb9d-4591-a4e7-ab2f4052b8c6\mdqmoneyshot﹖format=500w.jpg","mdqmoneyshot﹖format=500w.jpg","content_033.jpg","./assets/images/content_033.jpg","Content"
".\images.squarespace-cdn.com\content\v1\65d6025916539a7143e98121\3197beb4-fb9d-4591-a4e7-ab2f4052b8c6\mdqmoneyshot﹖format=750w.jpg","mdqmoneyshot﹖format=750w.jpg","content_034.jpg","./assets/images/content_034.jpg","Content"
".\images.squarespace-cdn.com\content\v1\65d6025916539a7143e98121\329668f6-8b81-4daf-9550-2e284ea5a037\filmfriends.png","filmfriends.png","content_035.png","./assets/images/content_035.png","Content"
".\images.squarespace-cdn.com\content\v1\65d6025916539a7143e98121\329668f6-8b81-4daf-9550-2e284ea5a037\filmfriends﹖format=1000w.png","filmfriends﹖format=1000w.png","content_036.png","./assets/images/content_036.png","Content"
".\images.squarespace-cdn.com\content\v1\65d6025916539a7143e98121\329668f6-8b81-4daf-9550-2e284ea5a037\filmfriends﹖format=100w.png","filmfriends﹖format=100w.png","content_037.png","./assets/images/content_037.png","Content"
".\images.squarespace-cdn.com\content\v1\65d6025916539a7143e98121\329668f6-8b81-4daf-9550-2e284ea5a037\filmfriends﹖format=1500w.png","filmfriends﹖format=1500w.png","content_038.png","./assets/images/content_038.png","Content"
".\images.squarespace-cdn.com\content\v1\65d6025916539a7143e98121\329668f6-8b81-4daf-9550-2e284ea5a037\filmfriends﹖format=2500w.png","filmfriends﹖format=2500w.png","content_039.png","./assets/images/content_039.png","Content"
".\images.squarespace-cdn.com\content\v1\65d6025916539a7143e98121\329668f6-8b81-4daf-9550-2e284ea5a037\filmfriends﹖format=300w.png","filmfriends﹖format=300w.png","content_040.png","./assets/images/content_040.png","Content"
".\images.squarespace-cdn.com\content\v1\65d6025916539a7143e98121\329668f6-8b81-4daf-9550-2e284ea5a037\filmfriends﹖format=500w.png","filmfriends﹖format=500w.png","content_041.png","./assets/images/content_041.png","Content"
".\images.squarespace-cdn.com\content\v1\65d6025916539a7143e98121\329668f6-8b81-4daf-9550-2e284ea5a037\filmfriends﹖format=750w.png","filmfriends﹖format=750w.png","content_042.png","./assets/images/content_042.png","Content"
".\images.squarespace-cdn.com\content\v1\65d6025916539a7143e98121\35d953e8-d9e1-4eb3-ad23-f0ccbad3ff5a\m.jpeg","m.jpeg","content_043.jpeg","./assets/images/content_043.jpeg","Content"
".\images.squarespace-cdn.com\content\v1\65d6025916539a7143e98121\35d953e8-d9e1-4eb3-ad23-f0ccbad3ff5a\m﹖format=1000w.jpeg","m﹖format=1000w.jpeg","content_044.jpeg","./assets/images/content_044.jpeg","Content"
".\images.squarespace-cdn.com\content\v1\65d6025916539a7143e98121\35d953e8-d9e1-4eb3-ad23-f0ccbad3ff5a\m﹖format=100w.jpeg","m﹖format=100w.jpeg","content_045.jpeg","./assets/images/content_045.jpeg","Content"
".\images.squarespace-cdn.com\content\v1\65d6025916539a7143e98121\35d953e8-d9e1-4eb3-ad23-f0ccbad3ff5a\m﹖format=1500w.jpeg","m﹖format=1500w.jpeg","content_046.jpeg","./assets/images/content_046.jpeg","Content"
".\images.squarespace-cdn.com\content\v1\65d6025916539a7143e98121\35d953e8-d9e1-4eb3-ad23-f0ccbad3ff5a\m﹖format=2500w.jpeg","m﹖format=2500w.jpeg","content_047.jpeg","./assets/images/content_047.jpeg","Content"
".\images.squarespace-cdn.com\content\v1\65d6025916539a7143e98121\35d953e8-d9e1-4eb3-ad23-f0ccbad3ff5a\m﹖format=300w.jpeg","m﹖format=300w.jpeg","content_048.jpeg","./assets/images/content_048.jpeg","Content"
".\images.squarespace-cdn.com\content\v1\65d6025916539a7143e98121\35d953e8-d9e1-4eb3-ad23-f0ccbad3ff5a\m﹖format=500w.jpeg","m﹖format=500w.jpeg","content_049.jpeg","./assets/images/content_049.jpeg","Content"
".\images.squarespace-cdn.com\content\v1\65d6025916539a7143e98121\35d953e8-d9e1-4eb3-ad23-f0ccbad3ff5a\m﹖format=750w.jpeg","m﹖format=750w.jpeg","content_050.jpeg","./assets/images/content_050.jpeg","Content"
".\images.squarespace-cdn.com\content\v1\65d6025916539a7143e98121\4497da80-c8ea-4731-b0d6-41ff7f9a476f\zippie+live.jpg","zippie+live.jpg","content_051.jpg","./assets/images/content_051.jpg","Content"
".\images.squarespace-cdn.com\content\v1\65d6025916539a7143e98121\5128d696-c8e0-4e2c-8ef0-d0f1ce9e1503\Art+Space+Tab_Image+2.JPG","Art+Space+Tab_Image+2.JPG","content_052.JPG","./assets/images/content_052.JPG","Content"
".\images.squarespace-cdn.com\content\v1\65d6025916539a7143e98121\5eede7ae-b51a-4587-9986-7271a05a18b9\zippyshiru.jpg","zippyshiru.jpg","content_053.jpg","./assets/images/content_053.jpg","Content"
".\images.squarespace-cdn.com\content\v1\65d6025916539a7143e98121\5eede7ae-b51a-4587-9986-7271a05a18b9\zippyshiru﹖format=1000w.jpg","zippyshiru﹖format=1000w.jpg","content_054.jpg","./assets/images/content_054.jpg","Content"
".\images.squarespace-cdn.com\content\v1\65d6025916539a7143e98121\5eede7ae-b51a-4587-9986-7271a05a18b9\zippyshiru﹖format=100w.jpg","zippyshiru﹖format=100w.jpg","content_055.jpg","./assets/images/content_055.jpg","Content"
".\images.squarespace-cdn.com\content\v1\65d6025916539a7143e98121\5eede7ae-b51a-4587-9986-7271a05a18b9\zippyshiru﹖format=1500w.jpg","zippyshiru﹖format=1500w.jpg","content_056.jpg","./assets/images/content_056.jpg","Content"
".\images.squarespace-cdn.com\content\v1\65d6025916539a7143e98121\5eede7ae-b51a-4587-9986-7271a05a18b9\zippyshiru﹖format=2500w.jpg","zippyshiru﹖format=2500w.jpg","content_057.jpg","./assets/images/content_057.jpg","Content"
".\images.squarespace-cdn.com\content\v1\65d6025916539a7143e98121\5eede7ae-b51a-4587-9986-7271a05a18b9\zippyshiru﹖format=300w.jpg","zippyshiru﹖format=300w.jpg","content_058.jpg","./assets/images/content_058.jpg","Content"
".\images.squarespace-cdn.com\content\v1\65d6025916539a7143e98121\5eede7ae-b51a-4587-9986-7271a05a18b9\zippyshiru﹖format=500w.jpg","zippyshiru﹖format=500w.jpg","content_059.jpg","./assets/images/content_059.jpg","Content"
".\images.squarespace-cdn.com\content\v1\65d6025916539a7143e98121\5eede7ae-b51a-4587-9986-7271a05a18b9\zippyshiru﹖format=750w.jpg","zippyshiru﹖format=750w.jpg","content_060.jpg","./assets/images/content_060.jpg","Content"
".\images.squarespace-cdn.com\content\v1\65d6025916539a7143e98121\62efd5c1-fa67-4a41-a061-4cb647d79014\Arts+Residency_Emerging+Talent+Image.JPG","Arts+Residency_Emerging+Talent+Image.JPG","content_061.JPG","./assets/images/content_061.JPG","Content"
".\images.squarespace-cdn.com\content\v1\65d6025916539a7143e98121\6691222a-a674-4e5b-b011-b920af04b62e\red.jpg","red.jpg","content_062.jpg","./assets/images/content_062.jpg","Content"
".\images.squarespace-cdn.com\content\v1\65d6025916539a7143e98121\6691222a-a674-4e5b-b011-b920af04b62e\red﹖format=1000w.jpg","red﹖format=1000w.jpg","content_063.jpg","./assets/images/content_063.jpg","Content"
".\images.squarespace-cdn.com\content\v1\65d6025916539a7143e98121\6691222a-a674-4e5b-b011-b920af04b62e\red﹖format=100w.jpg","red﹖format=100w.jpg","content_064.jpg","./assets/images/content_064.jpg","Content"
".\images.squarespace-cdn.com\content\v1\65d6025916539a7143e98121\6691222a-a674-4e5b-b011-b920af04b62e\red﹖format=1500w.jpg","red﹖format=1500w.jpg","content_065.jpg","./assets/images/content_065.jpg","Content"
".\images.squarespace-cdn.com\content\v1\65d6025916539a7143e98121\6691222a-a674-4e5b-b011-b920af04b62e\red﹖format=2500w.jpg","red﹖format=2500w.jpg","content_066.jpg","./assets/images/content_066.jpg","Content"
".\images.squarespace-cdn.com\content\v1\65d6025916539a7143e98121\6691222a-a674-4e5b-b011-b920af04b62e\red﹖format=300w.jpg","red﹖format=300w.jpg","content_067.jpg","./assets/images/content_067.jpg","Content"
".\images.squarespace-cdn.com\content\v1\65d6025916539a7143e98121\6691222a-a674-4e5b-b011-b920af04b62e\red﹖format=500w.jpg","red﹖format=500w.jpg","content_068.jpg","./assets/images/content_068.jpg","Content"
".\images.squarespace-cdn.com\content\v1\65d6025916539a7143e98121\6691222a-a674-4e5b-b011-b920af04b62e\red﹖format=750w.jpg","red﹖format=750w.jpg","content_069.jpg","./assets/images/content_069.jpg","Content"
".\images.squarespace-cdn.com\content\v1\65d6025916539a7143e98121\6b4c41e3-2c1f-4471-8beb-b0397320cc28\polyquote.jpg","polyquote.jpg","content_070.jpg","./assets/images/content_070.jpg","Content"
".\images.squarespace-cdn.com\content\v1\65d6025916539a7143e98121\71073d16-d8fc-4d7f-b8af-d550e3efdced\mdqsmile.jpg","mdqsmile.jpg","content_071.jpg","./assets/images/content_071.jpg","Content"
".\images.squarespace-cdn.com\content\v1\65d6025916539a7143e98121\71073d16-d8fc-4d7f-b8af-d550e3efdced\mdqsmile﹖format=1000w.jpg","mdqsmile﹖format=1000w.jpg","content_072.jpg","./assets/images/content_072.jpg","Content"
".\images.squarespace-cdn.com\content\v1\65d6025916539a7143e98121\71073d16-d8fc-4d7f-b8af-d550e3efdced\mdqsmile﹖format=100w.jpg","mdqsmile﹖format=100w.jpg","content_073.jpg","./assets/images/content_073.jpg","Content"
".\images.squarespace-cdn.com\content\v1\65d6025916539a7143e98121\71073d16-d8fc-4d7f-b8af-d550e3efdced\mdqsmile﹖format=1500w.jpg","mdqsmile﹖format=1500w.jpg","content_074.jpg","./assets/images/content_074.jpg","Content"
".\images.squarespace-cdn.com\content\v1\65d6025916539a7143e98121\71073d16-d8fc-4d7f-b8af-d550e3efdced\mdqsmile﹖format=2500w.jpg","mdqsmile﹖format=2500w.jpg","content_075.jpg","./assets/images/content_075.jpg","Content"
".\images.squarespace-cdn.com\content\v1\65d6025916539a7143e98121\71073d16-d8fc-4d7f-b8af-d550e3efdced\mdqsmile﹖format=300w.jpg","mdqsmile﹖format=300w.jpg","content_076.jpg","./assets/images/content_076.jpg","Content"
".\images.squarespace-cdn.com\content\v1\65d6025916539a7143e98121\71073d16-d8fc-4d7f-b8af-d550e3efdced\mdqsmile﹖format=500w.jpg","mdqsmile﹖format=500w.jpg","content_077.jpg","./assets/images/content_077.jpg","Content"
".\images.squarespace-cdn.com\content\v1\65d6025916539a7143e98121\71073d16-d8fc-4d7f-b8af-d550e3efdced\mdqsmile﹖format=750w.jpg","mdqsmile﹖format=750w.jpg","content_078.jpg","./assets/images/content_078.jpg","Content"
".\images.squarespace-cdn.com\content\v1\65d6025916539a7143e98121\79c96394-d548-401f-affe-70b7e2b775d8\women+dancing.jpg","women+dancing.jpg","content_079.jpg","./assets/images/content_079.jpg","Content"
".\images.squarespace-cdn.com\content\v1\65d6025916539a7143e98121\946e2718-3254-413a-905c-03bd0ba9ff6a\sundecksmiles.jpg","sundecksmiles.jpg","content_080.jpg","./assets/images/content_080.jpg","Content"
".\images.squarespace-cdn.com\content\v1\65d6025916539a7143e98121\946e2718-3254-413a-905c-03bd0ba9ff6a\sundecksmiles﹖format=1000w.jpg","sundecksmiles﹖format=1000w.jpg","content_081.jpg","./assets/images/content_081.jpg","Content"
".\images.squarespace-cdn.com\content\v1\65d6025916539a7143e98121\946e2718-3254-413a-905c-03bd0ba9ff6a\sundecksmiles﹖format=100w.jpg","sundecksmiles﹖format=100w.jpg","content_082.jpg","./assets/images/content_082.jpg","Content"
".\images.squarespace-cdn.com\content\v1\65d6025916539a7143e98121\946e2718-3254-413a-905c-03bd0ba9ff6a\sundecksmiles﹖format=1500w.jpg","sundecksmiles﹖format=1500w.jpg","content_083.jpg","./assets/images/content_083.jpg","Content"
".\images.squarespace-cdn.com\content\v1\65d6025916539a7143e98121\946e2718-3254-413a-905c-03bd0ba9ff6a\sundecksmiles﹖format=2500w.jpg","sundecksmiles﹖format=2500w.jpg","content_084.jpg","./assets/images/content_084.jpg","Content"
".\images.squarespace-cdn.com\content\v1\65d6025916539a7143e98121\946e2718-3254-413a-905c-03bd0ba9ff6a\sundecksmiles﹖format=300w.jpg","sundecksmiles﹖format=300w.jpg","content_085.jpg","./assets/images/content_085.jpg","Content"
".\images.squarespace-cdn.com\content\v1\65d6025916539a7143e98121\946e2718-3254-413a-905c-03bd0ba9ff6a\sundecksmiles﹖format=500w.jpg","sundecksmiles﹖format=500w.jpg","content_086.jpg","./assets/images/content_086.jpg","Content"
".\images.squarespace-cdn.com\content\v1\65d6025916539a7143e98121\946e2718-3254-413a-905c-03bd0ba9ff6a\sundecksmiles﹖format=750w.jpg","sundecksmiles﹖format=750w.jpg","content_087.jpg","./assets/images/content_087.jpg","Content"
".\images.squarespace-cdn.com\content\v1\65d6025916539a7143e98121\9b28a395-04f0-45df-9e4b-8acbf7831935\nabapoly.jpg","nabapoly.jpg","content_088.jpg","./assets/images/content_088.jpg","Content"
".\images.squarespace-cdn.com\content\v1\65d6025916539a7143e98121\9b28a395-04f0-45df-9e4b-8acbf7831935\nabapoly﹖format=1000w.jpg","nabapoly﹖format=1000w.jpg","content_089.jpg","./assets/images/content_089.jpg","Content"
".\images.squarespace-cdn.com\content\v1\65d6025916539a7143e98121\9b28a395-04f0-45df-9e4b-8acbf7831935\nabapoly﹖format=100w.jpg","nabapoly﹖format=100w.jpg","content_090.jpg","./assets/images/content_090.jpg","Content"
".\images.squarespace-cdn.com\content\v1\65d6025916539a7143e98121\9b28a395-04f0-45df-9e4b-8acbf7831935\nabapoly﹖format=1500w.jpg","nabapoly﹖format=1500w.jpg","content_091.jpg","./assets/images/content_091.jpg","Content"
".\images.squarespace-cdn.com\content\v1\65d6025916539a7143e98121\9b28a395-04f0-45df-9e4b-8acbf7831935\nabapoly﹖format=2500w.jpg","nabapoly﹖format=2500w.jpg","content_092.jpg","./assets/images/content_092.jpg","Content"
".\images.squarespace-cdn.com\content\v1\65d6025916539a7143e98121\9b28a395-04f0-45df-9e4b-8acbf7831935\nabapoly﹖format=300w.jpg","nabapoly﹖format=300w.jpg","content_093.jpg","./assets/images/content_093.jpg","Content"
".\images.squarespace-cdn.com\content\v1\65d6025916539a7143e98121\9b28a395-04f0-45df-9e4b-8acbf7831935\nabapoly﹖format=500w.jpg","nabapoly﹖format=500w.jpg","content_094.jpg","./assets/images/content_094.jpg","Content"
".\images.squarespace-cdn.com\content\v1\65d6025916539a7143e98121\9b28a395-04f0-45df-9e4b-8acbf7831935\nabapoly﹖format=750w.jpg","nabapoly﹖format=750w.jpg","content_095.jpg","./assets/images/content_095.jpg","Content"
".\images.squarespace-cdn.com\content\v1\65d6025916539a7143e98121\9cd5db5a-4c27-487b-98cb-a8aa1335f0cc\f.jpeg","f.jpeg","content_096.jpeg","./assets/images/content_096.jpeg","Content"
".\images.squarespace-cdn.com\content\v1\65d6025916539a7143e98121\9cd5db5a-4c27-487b-98cb-a8aa1335f0cc\f﹖format=1000w.jpeg","f﹖format=1000w.jpeg","content_097.jpeg","./assets/images/content_097.jpeg","Content"
".\images.squarespace-cdn.com\content\v1\65d6025916539a7143e98121\9cd5db5a-4c27-487b-98cb-a8aa1335f0cc\f﹖format=100w.jpeg","f﹖format=100w.jpeg","content_098.jpeg","./assets/images/content_098.jpeg","Content"
".\images.squarespace-cdn.com\content\v1\65d6025916539a7143e98121\9cd5db5a-4c27-487b-98cb-a8aa1335f0cc\f﹖format=1500w.jpeg","f﹖format=1500w.jpeg","content_099.jpeg","./assets/images/content_099.jpeg","Content"
".\images.squarespace-cdn.com\content\v1\65d6025916539a7143e98121\9cd5db5a-4c27-487b-98cb-a8aa1335f0cc\f﹖format=2500w.jpeg","f﹖format=2500w.jpeg","content_100.jpeg","./assets/images/content_100.jpeg","Content"
".\images.squarespace-cdn.com\content\v1\65d6025916539a7143e98121\9cd5db5a-4c27-487b-98cb-a8aa1335f0cc\f﹖format=300w.jpeg","f﹖format=300w.jpeg","content_101.jpeg","./assets/images/content_101.jpeg","Content"
".\images.squarespace-cdn.com\content\v1\65d6025916539a7143e98121\9cd5db5a-4c27-487b-98cb-a8aa1335f0cc\f﹖format=500w.jpeg","f﹖format=500w.jpeg","content_102.jpeg","./assets/images/content_102.jpeg","Content"
".\images.squarespace-cdn.com\content\v1\65d6025916539a7143e98121\9cd5db5a-4c27-487b-98cb-a8aa1335f0cc\f﹖format=750w.jpeg","f﹖format=750w.jpeg","content_103.jpeg","./assets/images/content_103.jpeg","Content"
".\images.squarespace-cdn.com\content\v1\65d6025916539a7143e98121\a3619272-c867-48ea-8fb7-a8be85675d02\jackie+again.png.jpeg","jackie+again.png.jpeg","content_104.jpeg","./assets/images/content_104.jpeg","Content"
".\images.squarespace-cdn.com\content\v1\65d6025916539a7143e98121\a3619272-c867-48ea-8fb7-a8be85675d02\jackie+again.png﹖format=1000w.jpeg","jackie+again.png﹖format=1000w.jpeg","content_105.jpeg","./assets/images/content_105.jpeg","Content"
".\images.squarespace-cdn.com\content\v1\65d6025916539a7143e98121\a3619272-c867-48ea-8fb7-a8be85675d02\jackie+again.png﹖format=100w.jpeg","jackie+again.png﹖format=100w.jpeg","content_106.jpeg","./assets/images/content_106.jpeg","Content"
".\images.squarespace-cdn.com\content\v1\65d6025916539a7143e98121\a3619272-c867-48ea-8fb7-a8be85675d02\jackie+again.png﹖format=1500w.jpeg","jackie+again.png﹖format=1500w.jpeg","content_107.jpeg","./assets/images/content_107.jpeg","Content"
".\images.squarespace-cdn.com\content\v1\65d6025916539a7143e98121\a3619272-c867-48ea-8fb7-a8be85675d02\jackie+again.png﹖format=2500w.jpeg","jackie+again.png﹖format=2500w.jpeg","content_108.jpeg","./assets/images/content_108.jpeg","Content"
".\images.squarespace-cdn.com\content\v1\65d6025916539a7143e98121\a3619272-c867-48ea-8fb7-a8be85675d02\jackie+again.png﹖format=300w.jpeg","jackie+again.png﹖format=300w.jpeg","content_109.jpeg","./assets/images/content_109.jpeg","Content"
".\images.squarespace-cdn.com\content\v1\65d6025916539a7143e98121\a3619272-c867-48ea-8fb7-a8be85675d02\jackie+again.png﹖format=500w.jpeg","jackie+again.png﹖format=500w.jpeg","content_110.jpeg","./assets/images/content_110.jpeg","Content"
".\images.squarespace-cdn.com\content\v1\65d6025916539a7143e98121\a3619272-c867-48ea-8fb7-a8be85675d02\jackie+again.png﹖format=750w.jpeg","jackie+again.png﹖format=750w.jpeg","content_111.jpeg","./assets/images/content_111.jpeg","Content"
".\images.squarespace-cdn.com\content\v1\65d6025916539a7143e98121\b210d2f4-7976-4871-82d3-5321cee262e0\makadem.jpg","makadem.jpg","content_112.jpg","./assets/images/content_112.jpg","Content"
".\images.squarespace-cdn.com\content\v1\65d6025916539a7143e98121\b210d2f4-7976-4871-82d3-5321cee262e0\makadem﹖format=1000w.jpg","makadem﹖format=1000w.jpg","content_113.jpg","./assets/images/content_113.jpg","Content"
".\images.squarespace-cdn.com\content\v1\65d6025916539a7143e98121\b210d2f4-7976-4871-82d3-5321cee262e0\makadem﹖format=100w.jpg","makadem﹖format=100w.jpg","content_114.jpg","./assets/images/content_114.jpg","Content"
".\images.squarespace-cdn.com\content\v1\65d6025916539a7143e98121\b210d2f4-7976-4871-82d3-5321cee262e0\makadem﹖format=1500w.jpg","makadem﹖format=1500w.jpg","content_115.jpg","./assets/images/content_115.jpg","Content"
".\images.squarespace-cdn.com\content\v1\65d6025916539a7143e98121\b210d2f4-7976-4871-82d3-5321cee262e0\makadem﹖format=2500w.jpg","makadem﹖format=2500w.jpg","content_116.jpg","./assets/images/content_116.jpg","Content"
".\images.squarespace-cdn.com\content\v1\65d6025916539a7143e98121\b210d2f4-7976-4871-82d3-5321cee262e0\makadem﹖format=300w.jpg","makadem﹖format=300w.jpg","content_117.jpg","./assets/images/content_117.jpg","Content"
".\images.squarespace-cdn.com\content\v1\65d6025916539a7143e98121\b210d2f4-7976-4871-82d3-5321cee262e0\makadem﹖format=500w.jpg","makadem﹖format=500w.jpg","content_118.jpg","./assets/images/content_118.jpg","Content"
".\images.squarespace-cdn.com\content\v1\65d6025916539a7143e98121\b210d2f4-7976-4871-82d3-5321cee262e0\makadem﹖format=750w.jpg","makadem﹖format=750w.jpg","content_119.jpg","./assets/images/content_119.jpg","Content"
".\images.squarespace-cdn.com\content\v1\65d6025916539a7143e98121\b34d1525-ba25-4126-a70b-57202d1c1766\groupshot.jpg","groupshot.jpg","content_120.jpg","./assets/images/content_120.jpg","Content"
".\images.squarespace-cdn.com\content\v1\65d6025916539a7143e98121\b34d1525-ba25-4126-a70b-57202d1c1766\groupshot﹖format=1000w.jpg","groupshot﹖format=1000w.jpg","content_121.jpg","./assets/images/content_121.jpg","Content"
".\images.squarespace-cdn.com\content\v1\65d6025916539a7143e98121\b34d1525-ba25-4126-a70b-57202d1c1766\groupshot﹖format=100w.jpg","groupshot﹖format=100w.jpg","content_122.jpg","./assets/images/content_122.jpg","Content"
".\images.squarespace-cdn.com\content\v1\65d6025916539a7143e98121\b34d1525-ba25-4126-a70b-57202d1c1766\groupshot﹖format=1500w.jpg","groupshot﹖format=1500w.jpg","content_123.jpg","./assets/images/content_123.jpg","Content"
".\images.squarespace-cdn.com\content\v1\65d6025916539a7143e98121\b34d1525-ba25-4126-a70b-57202d1c1766\groupshot﹖format=2500w.jpg","groupshot﹖format=2500w.jpg","content_124.jpg","./assets/images/content_124.jpg","Content"
".\images.squarespace-cdn.com\content\v1\65d6025916539a7143e98121\b34d1525-ba25-4126-a70b-57202d1c1766\groupshot﹖format=300w.jpg","groupshot﹖format=300w.jpg","content_125.jpg","./assets/images/content_125.jpg","Content"
".\images.squarespace-cdn.com\content\v1\65d6025916539a7143e98121\b34d1525-ba25-4126-a70b-57202d1c1766\groupshot﹖format=500w.jpg","groupshot﹖format=500w.jpg","content_126.jpg","./assets/images/content_126.jpg","Content"
".\images.squarespace-cdn.com\content\v1\65d6025916539a7143e98121\b34d1525-ba25-4126-a70b-57202d1c1766\groupshot﹖format=750w.jpg","groupshot﹖format=750w.jpg","content_127.jpg","./assets/images/content_127.jpg","Content"
".\images.squarespace-cdn.com\content\v1\65d6025916539a7143e98121\c3e322f9-c8d3-4c1a-ab96-6d1a9eebd1ba\favicon.ico﹖format=100w.png","favicon.ico﹖format=100w.png","content_128.png","./assets/images/content_128.png","Content"
".\images.squarespace-cdn.com\content\v1\65d6025916539a7143e98121\d671c1f8-3b28-4892-97fe-03d9d6d65d62\june+space.jpg","june+space.jpg","content_129.jpg","./assets/images/content_129.jpg","Content"
".\images.squarespace-cdn.com\content\v1\65d6025916539a7143e98121\d671c1f8-3b28-4892-97fe-03d9d6d65d62\june+space﹖format=1000w.jpg","june+space﹖format=1000w.jpg","content_130.jpg","./assets/images/content_130.jpg","Content"
".\images.squarespace-cdn.com\content\v1\65d6025916539a7143e98121\d671c1f8-3b28-4892-97fe-03d9d6d65d62\june+space﹖format=100w.jpg","june+space﹖format=100w.jpg","content_131.jpg","./assets/images/content_131.jpg","Content"
".\images.squarespace-cdn.com\content\v1\65d6025916539a7143e98121\d671c1f8-3b28-4892-97fe-03d9d6d65d62\june+space﹖format=1500w.jpg","june+space﹖format=1500w.jpg","content_132.jpg","./assets/images/content_132.jpg","Content"
".\images.squarespace-cdn.com\content\v1\65d6025916539a7143e98121\d671c1f8-3b28-4892-97fe-03d9d6d65d62\june+space﹖format=2500w.jpg","june+space﹖format=2500w.jpg","content_133.jpg","./assets/images/content_133.jpg","Content"
".\images.squarespace-cdn.com\content\v1\65d6025916539a7143e98121\d671c1f8-3b28-4892-97fe-03d9d6d65d62\june+space﹖format=300w.jpg","june+space﹖format=300w.jpg","content_134.jpg","./assets/images/content_134.jpg","Content"
".\images.squarespace-cdn.com\content\v1\65d6025916539a7143e98121\d671c1f8-3b28-4892-97fe-03d9d6d65d62\june+space﹖format=500w.jpg","june+space﹖format=500w.jpg","content_135.jpg","./assets/images/content_135.jpg","Content"
".\images.squarespace-cdn.com\content\v1\65d6025916539a7143e98121\d671c1f8-3b28-4892-97fe-03d9d6d65d62\june+space﹖format=750w.jpg","june+space﹖format=750w.jpg","content_136.jpg","./assets/images/content_136.jpg","Content"
".\images.squarespace-cdn.com\content\v1\65d6025916539a7143e98121\dae9ce2b-8b1b-43c9-9136-b0da2232e100\polyquote.jpg","polyquote.jpg","content_137.jpg","./assets/images/content_137.jpg","Content"
".\images.squarespace-cdn.com\content\v1\65d6025916539a7143e98121\dae9ce2b-8b1b-43c9-9136-b0da2232e100\polyquote﹖format=1000w.jpg","polyquote﹖format=1000w.jpg","content_138.jpg","./assets/images/content_138.jpg","Content"
".\images.squarespace-cdn.com\content\v1\65d6025916539a7143e98121\dae9ce2b-8b1b-43c9-9136-b0da2232e100\polyquote﹖format=100w.jpg","polyquote﹖format=100w.jpg","content_139.jpg","./assets/images/content_139.jpg","Content"
".\images.squarespace-cdn.com\content\v1\65d6025916539a7143e98121\dae9ce2b-8b1b-43c9-9136-b0da2232e100\polyquote﹖format=1500w.jpg","polyquote﹖format=1500w.jpg","content_140.jpg","./assets/images/content_140.jpg","Content"
".\images.squarespace-cdn.com\content\v1\65d6025916539a7143e98121\dae9ce2b-8b1b-43c9-9136-b0da2232e100\polyquote﹖format=2500w.jpg","polyquote﹖format=2500w.jpg","content_141.jpg","./assets/images/content_141.jpg","Content"
".\images.squarespace-cdn.com\content\v1\65d6025916539a7143e98121\dae9ce2b-8b1b-43c9-9136-b0da2232e100\polyquote﹖format=300w.jpg","polyquote﹖format=300w.jpg","content_142.jpg","./assets/images/content_142.jpg","Content"
".\images.squarespace-cdn.com\content\v1\65d6025916539a7143e98121\dae9ce2b-8b1b-43c9-9136-b0da2232e100\polyquote﹖format=500w.jpg","polyquote﹖format=500w.jpg","content_143.jpg","./assets/images/content_143.jpg","Content"
".\images.squarespace-cdn.com\content\v1\65d6025916539a7143e98121\dae9ce2b-8b1b-43c9-9136-b0da2232e100\polyquote﹖format=750w.jpg","polyquote﹖format=750w.jpg","content_144.jpg","./assets/images/content_144.jpg","Content"
".\images.squarespace-cdn.com\content\v1\65d6025916539a7143e98121\f389271f-f33b-4bee-8df1-dc0f440259fb\pointmchupartyscene.jpg","pointmchupartyscene.jpg","content_145.jpg","./assets/images/content_145.jpg","Content"
".\images.squarespace-cdn.com\content\v1\65d6025916539a7143e98121\f389271f-f33b-4bee-8df1-dc0f440259fb\pointmchupartyscene﹖format=1000w.jpg","pointmchupartyscene﹖format=1000w.jpg","content_146.jpg","./assets/images/content_146.jpg","Content"
".\images.squarespace-cdn.com\content\v1\65d6025916539a7143e98121\f389271f-f33b-4bee-8df1-dc0f440259fb\pointmchupartyscene﹖format=100w.jpg","pointmchupartyscene﹖format=100w.jpg","content_147.jpg","./assets/images/content_147.jpg","Content"
".\images.squarespace-cdn.com\content\v1\65d6025916539a7143e98121\f389271f-f33b-4bee-8df1-dc0f440259fb\pointmchupartyscene﹖format=1500w.jpg","pointmchupartyscene﹖format=1500w.jpg","content_148.jpg","./assets/images/content_148.jpg","Content"
".\images.squarespace-cdn.com\content\v1\65d6025916539a7143e98121\f389271f-f33b-4bee-8df1-dc0f440259fb\pointmchupartyscene﹖format=2500w.jpg","pointmchupartyscene﹖format=2500w.jpg","content_149.jpg","./assets/images/content_149.jpg","Content"
".\images.squarespace-cdn.com\content\v1\65d6025916539a7143e98121\f389271f-f33b-4bee-8df1-dc0f440259fb\pointmchupartyscene﹖format=300w.jpg","pointmchupartyscene﹖format=300w.jpg","content_150.jpg","./assets/images/content_150.jpg","Content"
".\images.squarespace-cdn.com\content\v1\65d6025916539a7143e98121\f389271f-f33b-4bee-8df1-dc0f440259fb\pointmchupartyscene﹖format=500w.jpg","pointmchupartyscene﹖format=500w.jpg","content_151.jpg","./assets/images/content_151.jpg","Content"
".\images.squarespace-cdn.com\content\v1\65d6025916539a7143e98121\f389271f-f33b-4bee-8df1-dc0f440259fb\pointmchupartyscene﹖format=750w.jpg","pointmchupartyscene﹖format=750w.jpg","content_152.jpg","./assets/images/content_152.jpg","Content"
".\images.squarespace-cdn.com\content\v1\65d6025916539a7143e98121\f8430a00-4f78-4f9f-9314-6346ada62eff\Art+Space+Tab_Image+3.JPG","Art+Space+Tab_Image+3.JPG","content_153.JPG","./assets/images/content_153.JPG","Content"
".\images.squarespace-cdn.com\content\v1\65d6025916539a7143e98121\f9bdc518-9b0f-4077-a569-0c991f569159\morningresidency.jpeg","morningresidency.jpeg","content_154.jpeg","./assets/images/content_154.jpeg","Content"
".\picture_library\mangrove.jpeg","mangrove.jpeg","other_155.jpeg","./assets/images/other_155.jpeg","Other"
".\picture_library\sunset.jpeg","sunset.jpeg","other_156.jpeg","./assets/images/other_156.jpeg","Other"
